SCIname,COMname,common,genera,subfam,PD,Lmax,borrowed
Polymixia lowei,BEARDFISH,Beardfish,2622,NA,bathydemersal,20,
Polymixiidae,BEARDFISH,NA,NA,Polymixiidae,bathydemersal,20,
Etelis oculatus,"SNAPPER,QUEEN",Queen snapper,9802,Etelinae,bathydemersal,100,
Heptranchias perlo,"SHARK,SHARPNOSE SEVENGILL",Sharpnose sevengill shark,2342,NA,bathydemersal,137,
Sicydium plumieri,"GOBY,SIRAJO",Sirajo,5237,Sicydiinae,benthopelagic,11,
Peprilus paru,"HARVESTFISH,NORTHERN",American harvestfish,2567,NA,benthopelagic,30,
Centropomus ensiferus,"SNOOK,SWORDSPINE",Swordspine snook,549,NA,benthopelagic,36.19499969,
Centropomus pectinatus,"SNOOK,TARPON",Tarpon snook,549,NA,benthopelagic,56,
Selene setapinnis,"MOONFISH,ATLANTIC",Atlantic moonfish,3554,Caranginae,benthopelagic,60,
Trachinotus carolinus,"POMPANO,FLORIDA",Florida pompano,2819,Trachinotinae,benthopelagic,64,
Caranx lugubris,"JACK,BLACK",Black jack,3864,Caranginae,benthopelagic,100,
Promethichthys prometheus,"SNAKE MACKEREL,PURPLE",Roudi escolar,2379,NA,benthopelagic,100,
Lobotidae,FLASHERS,NA,NA,Lobotidae,benthopelagic,110,1
Lobotes surinamensis,TRIPLETAIL,Tripletail,165,NA,benthopelagic,110,
Aetobatus narinari,"RAY,SPOTTED EAGLE",Whitespotted eagle ray,3987,NA,benthopelagic,230,
Trichiuridae,CUTLASSFISH,NA,NA,Trichiurinae,benthopelagic,234,1
Trichiurus lepturus,"CUTLASSFISH,ATLANTIC",Largehead hairtail,1874,Trichiurinae,benthopelagic,234,
Ruvettus pretiosus,ESCOLAR,Oilfish,1045,NA,benthopelagic,300,
Galeocerdo cuvier,"SHARK,TIGER",Tiger shark,3620,NA,benthopelagic,750,
Cynoglossidae,"SOLES,TONGUE",NA,NA,Cynoglossidae,demersal,15,1
Ophidiidae,"CUSK-EELS,UNSPECIFIED",Marbled cusk eel,NA,Ophidiidae,demersal,22,1
Neoscombrops atlanticus,"SCOMBROPS,ATLANTIC",NA,NA,Malakichthyidae,demersal,24.5,
Eleotris pisonis,"SLEEPER,SPINYCHEEK",Spinycheek sleeper,5744,Eleotrinae,demersal,25,
Gonioplectrus hispanus,SPANISH FLAG,Spanish flag,4428,Epinephelinae,demersal,30,
Polydactylus virginicus,BARBU,Barbu,5203,NA,demersal,33,
Polynemidae,THREADFIN,Barbu,NA,Polynemidae,demersal,33,
Conodon nobilis,"GRUNT,BARRED",Barred grunt,4477,Haemulinae,demersal,33.59999847,
Umbrina coroides,"DRUM,SAND",Sand drum,1644,NA,demersal,35,
Bairdiella ronchus,"DRUMMER,GROUND",Ground croaker,3481,NA,demersal,35,
Pomadasys crocro,"GRUNT,BURRO",Burro grunt,3076,Haemulinae,demersal,38,
Nomeus gronovii,MAN-OF-WAR FISH,Man-of-war fish,4085,NA,demersal,39,
Diapterus rhombeus,"MOJARRA,RHOMBOID",Caitipa mojarra,6023,NA,demersal,40,
Haemulidae,"GRUNT,UNSPECIFIED",NA,NA,Haemulidae,demersal,41.785,1
Cynoscion jamaicensis,"DRUMMER,MONGOLAR",Jamaica weakfish,5172,NA,demersal,50,
Pristipomoides macropthalmus,"SNAPPER,CARDINAL",Cardinal snapper,NA,Lutjanidae,demersal,50,
Eleotridae,SLEEPERS,NA,NA,Eleotridae,demersal,57.5,1
Micropogonias furnieri,"DRUMMER,WHITEMOUTH",Whitemouth croaker,124,NA,demersal,60,
Rhomboplites aurorubens,"SNAPPER,VERMILION",Vermilion snapper,6165,Lutjaninae,demersal,60,
Caulolatilus cyanops,"TILEFISH,BLACKLINE",Blackline tilefish,1615,NA,demersal,60,
Epinephelus adscensionis,"GROUPER,ROCK HIND",Rock hind,7755,Epinephelinae,demersal,65,
Malacanthidae,"TILEFISH,UNSPECIFIED",NA,NA,Malacanthidae,demersal,65,
Centropomus parallelus,"SNOOK,FAT",Fat snook,549,NA,demersal,72,
Mugil liza,"MULLET,LIZA",Lebranche mullet,3595,NA,demersal,80,
Lutjanidae,"SNAPPER,UNSPECIFIED",NA,NA,Lutjanidae,demersal,88.53,1
Gobiomorus dormitor,"SLEEPER,BIGMOUTH",Bigmouth sleeper,2078,Eleotrinae,demersal,90,
Ephippididae,"SPADEFISH,ATLANTIC",NA,NA,Ephippididae,demersal,91,
Lutjanus purpureus,"SNAPPER,CARIBBEAN RED",Southern red snapper,1202,Lutjaninae,demersal,100,
Mustelus norrisi,"SHARK,SMOOTHHOUND,NARROWFIN",Narrowfin smooth-hound,6505,Triakinae,demersal,110,
Centropomidae,"SNOOK,UNSPECIFIED",Common snook,NA,Centropomidae,demersal,140,
Mustelus canis,"SHARK,DOGFISH,SMOOTH",Dusky smooth-hound,6505,Triakinae,demersal,150,
Anguilla rostrata,"EEL,AMERICAN",American eel,9424,NA,demersal,152,
Hexanchus vitulus,"SHARK,BIGEYED SIXGILL",Bigeyed sixgill shark,NA,Hexanchidae,demersal,180,
Dasyatis americana,"STINGRAY,SOUTHERN",Southern stingray,NA,Dasyatidae,demersal,200,
Dasyatidae,"STINGRAYS,UNSPECIFIED",NA,NA,Dasyatidae,demersal,200,1
Myliobatidae,"RAYS,EAGLE",NA,NA,Myliobatidae,demersal,230,
Hexanchidae,"SHARK,COW",NA,NA,Hexanchidae,demersal,482,1
Bivalvia,"CLAM,UNSPECIFIED",NA,NA,Bivalvia,invert,NA,
Strombus gigas,"CONCH,QUEEN",NA,NA,NA,invert,NA,
Callinectes sapidus,"CRAB,BLUE",NA,NA,NA,invert,NA,
Cardisoma guanhumi,"CRAB,BLUE LAND",NA,NA,NA,invert,NA,
Carpilius corallinus,"CRAB,CORAL",NA,NA,NA,invert,NA,
Calappa flammea,"CRAB,FLAME BOX",NA,NA,NA,invert,NA,
Arenaeus cribrarius,"CRAB,SPECKLED SWIMMING",NA,NA,NA,invert,NA,
Decapoda,"CRAB,UNSPECIFIED",NA,NA,Decapoda,invert,NA,
Scyllarides nodifer,"LOBSTER,RIDGED SLIPPER",NA,NA,NA,invert,NA,
Scyllarides aequinoctialis,"LOBSTER,SPANISH SLIPPER",NA,NA,NA,invert,NA,
Panulirus guttatus,"LOBSTER,SPOTTED SPINY",NA,NA,NA,invert,NA,
Panulirus argus,"LOBSTERS,SPINY",NA,NA,NA,invert,NA,
Crassostrea rhizophorae,MANGROVE OYSTER,NA,NA,NA,invert,NA,
Octopus,"OCTOPUS,UNSPECIFIED",NA,NA,Octopus,invert,NA,
Crustacea,"SHELLFISH,UNSPECIFIED",NA,NA,Crustacea,invert,NA,
Penaeus,"SHRIMP,PENAEUS,UNSPECIFIED",NA,NA,Penaeus,invert,NA,
Theuthoidea,"SQUIDS,UNSPECIFIED",NA,NA,Theuthoidea,invert,NA,
Cittarium pica,"TOPSNAIL,WEST INDIAN",NA,NA,NA,invert,NA,
Osteichthyes,"FISHES,BONY,UNSPECIFIED",NA,NA,Osteichthyes,NA,NA,
Orectolobidae,"SHARK,WOBBEGONGS",NA,NA,Orectolobidae,NA,NA,
Stromateidae,"BUTTERFISH,UNSPECIFIED",Atlantic butterfish,NA,Stromateidae,pelagic,30,
Cypselurus melanurus,"FLYINGFISH, ATLANTIC",NA,NA,Exocoetidae,pelagic,32,
Exocoetidae,"FLYINGFISH,UNSPECIFIED",NA,NA,Exocoetidae,pelagic,32,
Istiophoridae,"MARLIN,UNSPECIFIED",NA,NA,Istiophoridae,pelagic,300,1
Tetrapturus albidus,"MARLIN,WHITE",Atlantic white marlin,NA,Istiophoridae,pelagic,300,
Xiphiidae,SWORDFISH,Swordfish,NA,Xiphiidae,pelagic,455,
Mobulidae,"RAYS,MANTA",NA,NA,Mobulidae,pelagic,910,
Manta birostris,"RAYS,MANTA",Giant manta,NA,Mobulidae,pelagic,910,
Rhincodontidae,"SHARK,WHALE",NA,NA,Rhincodontidae,pelagic,1700,
Anchoa hepsetus,"ANCHOVY,STRIPED",Broad-striped anchovy,5863,Engraulinae,pelagic-neritic,15.30000019,
Chirocentrodon bleekerianus,"HERRING,DOGTOOTH",Dogtooth herring,4436,NA,pelagic-neritic,16.10000038,
Engraulidae,"ANCHOVIES,UNSPECIFIED",NA,NA,Engraulidae,pelagic-neritic,16.75,1
Cetengraulis edentulus,"ANCHOVETA,ATLANTIC",Atlantic anchoveta,6317,Engraulinae,pelagic-neritic,18.20000076,
Auxis rochei,"MACKEREL,BULLET",Bullet tuna,220,Scombrinae,pelagic-neritic,50,
Joturus pichardi,"MULLET,HOG",Bobo mullet,1658,NA,pelagic-neritic,61,
Chloroscombrus chrysurus,"BUMPER,ATLANTIC",Atlantic bumper,4797,Caranginae,pelagic-neritic,65,
Lagocephalus laevigatus,"PUFFER,SMOOTH",Smooth puffer,3142,Tetraodontinae,pelagic-neritic,100,
Scombridae,"TUNA AND MACKERELS,UNSPECIFI",NA,NA,Scombridae,pelagic-neritic,163.6,1
Scomberomorus cavalla,"MACKEREL,KING",King mackerel,2960,Scombrinae,pelagic-neritic,184,
Sphyraena guachancho,"BARRACUDA,GUAGUANCHE",Guachanche barracuda,997,NA,pelagic-neritic,200,
Coryphaena hippurus,DOLPHINFISH,Common dolphinfish,6651,NA,pelagic-neritic,210,
Decapterus macarellus,"SCAD,MACKEREL",Mackerel scad,10590,Caranginae,pelagic-oceanic,46,
Gempylidae,SNAKE MACKERELS,NA,NA,Gempylidae,pelagic-oceanic,100,1
Gempylus serpens,SNAKE MACKERELS,Snake mackerel,1960,NA,pelagic-oceanic,100,
Thunnus atlanticus,"TUNA,BLACKFIN",Blackfin tuna,8961,Scombrinae,pelagic-oceanic,107.9499969,
Katsuwonus pelamis,"TUNA,SKIPJACK",Skipjack tuna,4643,Scombrinae,pelagic-oceanic,110,
Euthynnus alletteratus,"TUNNY,LITTLE",Little tunny,7010,Scombrinae,pelagic-oceanic,122,
Thunnus alalunga,"TUNA,ALBACORE",Albacore,8961,Scombrinae,pelagic-oceanic,140,
Coryphaena equiselis,"DOLPHINFISH,POMPANO",Pompano dolphinfish,6651,NA,pelagic-oceanic,145.6999969,
Coryphaenidae,DOLPHINFISH,Coryphaena hippurus,NA,Coryphaenidae,pelagic-oceanic,210,
Thunnus albacares,"TUNA,YELLOWFIN",Yellowfin tuna,8961,Scombrinae,pelagic-oceanic,239,
Thunnus obesus,"TUNA,BIGEYE",Bigeye tuna,8961,Scombrinae,pelagic-oceanic,250,
Acanthocybium solandri,WAHOO,Wahoo,369,Scombrinae,pelagic-oceanic,250,
Istiophorus platypterus,SAILFISH,Indo-Pacific sailfish,3516,NA,pelagic-oceanic,348,
Prionace glauca,"SHARK,BLUE",Blue shark,2875,NA,pelagic-oceanic,400,
Sphyrna lewini,"SHARK,HAMMERHEAD,SCALLOPED",Scalloped hammerhead,30,NA,pelagic-oceanic,430,
Lamnidae,"SHARK,MACKEREL",NA,NA,Lamnidae,pelagic-oceanic,445,1
Isurus oxyrinchus,"SHARK,MAKO,SHORTFIN",Shortfin mako,6652,NA,pelagic-oceanic,445,
Xiphias gladius,SWORDFISH,Swordfish,2618,NA,pelagic-oceanic,455,
Makaira nigricans,"MARLIN,BLUE",Blue marlin,189,NA,pelagic-oceanic,500,
Sphyrnidae,"SHARK,HAMMERHEAD,UNSPECIFIED",NA,NA,Sphyrnidae,pelagic-oceanic,520,1
Sphyrna mokarran,"SHARK,HAMMERHEAD,GREAT",Great hammerhead,30,NA,pelagic-oceanic,610,
Rhincodon typus,"SHARK,WHALE",Whale shark,2283,NA,pelagic-oceanic,1700,
Jenkinsia lamprotaenia,"HERRING,DWARF",Dwarf round herring,7908,NA,reef-associated,7.5,
Serranus tortugarum,"BASS,CHALK",Chalk bass,5359,Serraninae,reef-associated,8,
Atherinidae,SILVERSIDE,NA,NA,Atherinidae,reef-associated,10,1
Atherinomorus stipes,"SILVERSIDE,HARDHEAD",Hardhead silverside,2758,Atherinomorinae,reef-associated,10,
Apogonidae,CARDINALFISH,NA,NA,Apogonidae,reef-associated,11.10000038,1
Apogon maculatus,FLAMEFISH,Flamefish,3391,Apogoninae,reef-associated,11.10000038,
Chaetodon capistratus,"BUTTERFLYFISH,FOUREYE",Foureye butterflyfish,364,NA,reef-associated,15,
Hypoplectrus nigricans,"HAMLET,BLACK",Black hamlet,1363,Serraninae,reef-associated,15.23999977,
Chaetodon striatus,"BUTTERFLYFISH,BANDED",Banded butterflyfish,364,NA,reef-associated,16,
Chaetodontidae,"BUTTERFLYFISH,UNSPECIFIED",NA,NA,Chaetodontidae,reef-associated,17,1
Hippocampus reidi,"SEAHORSE,LONGSNOUT",Longsnout seahorse,5566,Syngnathinae,reef-associated,17.5,
Chaetodon ocellatus,"BUTTERFLYFISH,SPOTFIN",Spotfin butterflyfish,364,NA,reef-associated,20,
Chromis multilineata,"DAMSELFISH,BROWN CHROMIS",Brown chromis,2049,Pomacentrinae,reef-associated,20,
Cantherhines pullus,"FILEFISH,ORANGESPOTTED",Orangespotted filefish,508,NA,reef-associated,20,
Monacanthus setifer,"FILEFISH,PYGMY",Pygmy filefish,NA,Monacanthidae,reef-associated,20,
Antennariidae,FROGFISHES,NA,NA,Antennariidae,reef-associated,20,1
Histrio histrio,SARGASSUMFISH,Sargassumfish,3872,Antennariinae,reef-associated,20,
Serranus phoebe,TATTLER,Tattler,5359,Serraninae,reef-associated,20,
Sardinella,"HERRING,SARDINELLA",NA,NA,Sardinella,reef-associated,20.5,1
Harengula jaguana,"SARDINE,SCALED",Scaled herring,6654,Dorosomatinae,reef-associated,21.20000076,
Pomacentridae,"DAMSELFISH,UNSPECIFIED",NA,NA,Pomacentridae,reef-associated,21.45,1
Harengula humeralis,"SARDINE,REDEAR",Redear herring,6654,Dorosomatinae,reef-associated,22,
Serranus tabacarius,TOBACCOFISH,Tobaccofish,5359,Serraninae,reef-associated,22,
Abudefduf saxatilis,"DAMSELFISH,SERGEANT MAJOR",Sergeant-major,7803,Pomacentrinae,reef-associated,22.89999962,
Haemulon chrysargyreum,"GRUNT,SMALLMOUTH",Smallmouth grunt,1239,Haemulinae,reef-associated,23,
Equetus lanceolatus,"DRUM,JACKKNIFE-FISH",Jack-knifefish,NA,Sciaenidae,reef-associated,25,
Sciaenidae,"DRUM,UNSPECIFIED",NA,NA,Sciaenidae,reef-associated,25,1
Haemulon aurolineatum,"GRUNT,TOMTATE",Tomtate grunt,1239,Haemulinae,reef-associated,25,
Diplectrum bivittatum,"SAND PERCH,DWARF",Dwarf sand perch,10490,Serraninae,reef-associated,25,
Myripristis jacobus,"SOLDIERFISH,BLACKBAR",Blackbar soldierfish,5158,Myripristinae,reef-associated,25,
Xanthichthys ringens,"TRIGGERFISH,SARGASSUM",Sargassum triggerfish,5217,NA,reef-associated,25,
Eucinostomus gula,"MOJARRA,SILVER JENNY",Jenny mojarra,722,NA,reef-associated,25.5,
Equetus punctatus,"DRUM,SPOTTED",Spotted drum,3517,NA,reef-associated,27,
Paranthias furcifer,CREOLE-FISH,Creole-fish,3721,Epinephelinae,reef-associated,30,
Odontoscion dentex,"DRUM,REEF CROAKER",Reef croaker,5824,NA,reef-associated,30,
Pseudupeneus maculatus,"GOATFISH,SPOTTED",Spotted goatfish,2722,NA,reef-associated,30,
Haemulon flavolineatum,"GRUNT,FRENCH",French grunt,1239,Haemulinae,reef-associated,30,
Hyporhamphus unifasciatus,"HALFBEAK,SILVERSTRIPE",Common halfbeak,2029,NA,reef-associated,30,
Sphoeroides spengleri,"PUFFER,BANDTAIL",Bandtail puffer,4586,Tetraodontinae,reef-associated,30,
Decapterus punctatus,"SCAD,ROUND",Round scad,10590,Caranginae,reef-associated,30,
Haemulon melanurum,"GRUNT,COTTONWICK",Cottonwick grunt,1239,Haemulinae,reef-associated,33,
Alphestes afer,"HAMLET,MUTTON",Mutton hamlet,8032,Epinephelinae,reef-associated,33,
Archosargus rhomboidalis,"PORGY,SEA BREAM",Western Atlantic seabream,9352,NA,reef-associated,33,
Oligoplites saurus,LEATHERJACK,Leatherjacket,4180,Scomberoidinae,reef-associated,35,
Grammistidae,SOAPFISH,NA,NA,Grammistidae,reef-associated,35,1
Rypticus saponaceus,"SOAPFISH,GREATER",Greater soapfish,816,Grammistinae,reef-associated,35,
Haemulon carbonarium,"GRUNT,CAESAR",Caesar grunt,1239,Haemulinae,reef-associated,36,
Agonostomus monticola,"MULLET,MOUNTAIN",Mountain mullet,NA,Mugilidae,reef-associated,36,
Gerreidae,"MOJARRAS,UNSPECIFIED",NA,NA,Gerreidae,reef-associated,36.6,
Calamus pennatula,"PORGY,PLUMA",Pluma porgy,2964,NA,reef-associated,37,
Mullidae,"GOATFISH,UNSPECIFIED",NA,NA,Mullidae,reef-associated,37.4,
Ogcocephalus nasutus,"BATFISH,SHORTNOSE",Shortnose batfish,2857,NA,reef-associated,38,
Ogcocephalidae,"BATFISH,UNSPECIFIED",NA,NA,Ogcocephalidae,reef-associated,38,
Opisthonema oglinum,"HERRING,ATLANTIC THREAD",Atlantic thread herring,5705,Dorosomatinae,reef-associated,38,
Acanthurus chirurgus,"SURGEONFISH,DOCTORFISH",Doctorfish,9710,Acanthurinae,reef-associated,39,
Acanthurus bahianus,"SURGEONFISH,OCEAN",Barber surgeonfish,9710,Acanthurinae,reef-associated,39,1
Acanthuridae,"SURGEONFISH,UNSPECIFIED",NA,NA,Acanthuridae,reef-associated,39,1
Haemulon bonariense,"GRUNT,BLACK",Black grunt,1239,Haemulinae,reef-associated,40,
Diapterus plumieri,"MOJARRA,STRIPED",Striped mojarra,NA,Gerreidae,reef-associated,40,
Bodianus rufus,"WRASSE,SPANISH HOGFISH",Spanish hogfish,1995,Bodianinae,reef-associated,40,
Anisotremus virginicus,"GRUNT,PORKFISH",Porkfish,1849,Haemulinae,reef-associated,40.59999847,
Gerres cinereus,"MOJARRA,YELLOWFIN",Yellow fin mojarra,2344,Gerreidae,reef-associated,41,
Pomacanthus paru,"ANGELFISH,FRENCH",French angelfish,1144,NA,reef-associated,41.09999847,
Epinephelus cruentatus,"GROUPER,GRAYSBY",Graysby,NA,Epinephelinae,reef-associated,42.6,
Haemulon macrostomum,"GRUNT,SPANISH",Spanish grunt,1239,Haemulinae,reef-associated,43,
Cephalopholis fulva,"GROUPER,CONEY",Coney,6535,Epinephelinae,reef-associated,44,
Mulloidichthys martinicus,"GOATFISH,YELLOW",Yellow goatfish,10232,NA,reef-associated,44.79999924,
Holacanthus ciliaris,"ANGELFISH,QUEEN",Queen angelfish,2304,NA,reef-associated,45,
Labridae,"WRASSES,UNSPECIFIED",NA,NA,Labridae,reef-associated,45.5,1
Pterois,LIONFISH,NA,NA,Pterois,reef-associated,45.7,
Haemulon sciurus,"GRUNT,BLUESTRIPED",Bluestriped grunt,1239,Haemulinae,reef-associated,46,
Synodus intermedius,"LIZARDFISH,SAND DIVER",Sand diver,3034,Synodontinae,reef-associated,46,
Synodontidae,"LIZARDFISH,UNSPECIFIED",NA,NA,Synodontinae,reef-associated,46,1
Sparisoma chrysopterum,"PARROTFISH,REDTAIL",Redtail parrotfish,4306,Sparisomatinae,reef-associated,46,
Calamus penna,"PORGY,SHEEPSHEAD (CALAMUS)",Sheepshead porgy,2964,NA,reef-associated,46,
Lutjanus mahogoni,"SNAPPER,MAHOGANY",Mahogany snapper,1202,Lutjaninae,reef-associated,48,
Lactophrys,"TRUNKFISH,UNSPECIFIED",Spotted trunkfish,NA,Lactophrys,reef-associated,48,1
Calamus,PORGY (CALAMUS),NA,NA,Calamus,reef-associated,49.6,1
Sparidae,"PORGY,UNSPECIFIED",NA,NA,Sparidae,reef-associated,49.6,1
Priacanthidae,BIGEYE,NA,NA,Priacanthidae,reef-associated,50,1
Priacanthus arenatus,BIGEYE,Atlantic bigeye,5555,NA,reef-associated,50,
Ostraciidae,"BOXFISH,UNSPECIFIED",Honeycomb cowfish,NA,Ostraciidae,reef-associated,50,1
Diodontidae,"BURRFISHES,UNSPECIFIED",Longspined porcupinefish,NA,Diodontidae,reef-associated,50,1
Acanthostracion polygonius,"COWFISH,HONEYCOMBED",Honeycomb cowfish,4119,NA,reef-associated,50,
Melichthys niger,"DURGON,BLACK",Black triggerfish,3393,NA,reef-associated,50,
Dactylopteridae,FLYING GUNARD,NA,NA,Dactylopteridae,reef-associated,50,
Dactylopterus volitans,FLYING GUNARD,Flying gurnard,1858,NA,reef-associated,50,
Trachinotus goodei,PALOMETA,Great pompano,2819,Trachinotinae,reef-associated,50,
Heteropriacanthus cruentatus,GLASSEYE SNAPPER,Glasseye,10162,NA,reef-associated,50.70000076,
Halichoeres radiatus,"WRASSE,PUDDINGWIFE",Puddingwife wrasse,1901,Corinae,reef-associated,51,
Balistidae,"TRIGGERFISH,UNSPECIFIED",NA,NA,Balistidae,reef-associated,52.5,1
Haemulon plumieri,"GRUNT,WHITE",NA,NA,Haemulidae,reef-associated,53,
Hemiramphus brasiliensis,BALLYHOO,Ballyhoo halfbeak,5247,NA,reef-associated,55,
Calamus calamus,"PORGY,SAUCEREYE",Saucereye porgy,2964,NA,reef-associated,56,
Pomacanthus arcuatus,"ANGELFISH,GRAY",Gray angelfish,1144,NA,reef-associated,60,
Lutjanus synagris,"SNAPPER,LANE",Lane snapper,1202,Lutjaninae,reef-associated,60,
Balistes capriscus,"TRIGGERFISH,GRAY",Grey triggerfish,4755,NA,reef-associated,60,
Balistes vetula,"TRIGGERFISH,QUEEN",Queen triggerfish,4755,NA,reef-associated,60,
Sphyraena picudilla,"BARRACUDA,SOUTHERN SENNNET",Southern sennet,997,NA,reef-associated,61,
Aluterus schoepfi,"FILEFISH,ORANGE",Orange filefish,NA,Monacanthidae,reef-associated,61,
Holocentridae,SQUIRRELFISH,NA,NA,Holocentridae,reef-associated,61,1
Holocentrus adscensionis,SQUIRRELFISH,Squirrelfish,1088,Holocentrinae,reef-associated,61,
Sparisoma viride,"PARROTFISH,STOPLIGHT",Stoplight parrotfish,4306,Sparisomatinae,reef-associated,64,
Tetraodontidae,"PUFFERS,UNSPECIFIED",NA,NA,Tetraodontidae,reef-associated,65,1
Apsilus dentatus,"SNAPPER,BLACK",Black snapper,1343,Apsilinae,reef-associated,65,
Canthidermis sufflamen,"TRIGGERFISH,OCEAN",Ocean triggerfish,4372,NA,reef-associated,65,
Mugilidae,"MULLET,UNSPECIFIED",NA,NA,Mugilidae,reef-associated,67,
Caranx crysos,BLUE RUNNER,Blue runner,3864,Caranginae,reef-associated,70,
Selar crumenophthalmus,"SCAD,BIGEYE",Bigeye scad,3942,Caranginae,reef-associated,70,
Malacanthus plumieri,"TILEFISH,SAND",Sand tilefish,497,NA,reef-associated,70,
Caranx ruber,"JACK,BAR",Bar jack,3864,Caranginae,reef-associated,73,
Lutjanus buccanella,"SNAPPER,BLACKFIN",Blackfin snapper,1202,Lutjaninae,reef-associated,75,
Kyphosus sectatrix,"CHUB,BERMUDA",Bermuda sea chub,6764,NA,reef-associated,76,
Kyphosidae,"CHUB,RUDDERFISH",NA,NA,Kyphosidae,reef-associated,76,
Epinephelus guttatus,"GROUPER,RED HIND",Red hind,7755,Epinephelinae,reef-associated,76,
Anisotremus surinamensis,"GRUNT,BLACK MARGATE",Black margate,1849,Haemulinae,reef-associated,76,
Calamus bajonado,"PORGY,JOLTHEAD",Jolthead porgy,2964,NA,reef-associated,76,
Scarus coelestinus,"PARROTFISH,MIDNIGHT",Midnight parrotfish,4784,Scarinae,reef-associated,77,
Haemulon album,"GRUNT,MARGATE",White margate,1239,Haemulinae,reef-associated,79,
Lutjanus apodus,"SNAPPER,SCHOOLMASTER",Schoolmaster snapper,1202,Lutjaninae,reef-associated,79.09999847,
Carangidae,JACKS,NA,NA,Carangidae,reef-associated,82.4,1
Lutjanus vivanus,"SNAPPER,SILK",Silk snapper,1202,Lutjaninae,reef-associated,83,
Mycteroperca interstitialis,"GROUPER,YELLOWMOUTH",Yellowmouth grouper,4738,Epinephelinae,reef-associated,84,
Ocyurus chrysurus,"SNAPPER,YELLOWTAIL",Yellowtail snapper,6197,Lutjaninae,reef-associated,86.30000305,
Echeneidae,REMORA,NA,NA,Echeneidae,reef-associated,86.4,
Remora remora,REMORA,Shark sucker,847,NA,reef-associated,86.40000153,
Lutjanus griseus,"SNAPPER,GRAY",Grey snapper,1202,Lutjaninae,reef-associated,89,
Kyphosus incisor,"CHUB,YELLOW",Yellow sea chub,6764,NA,reef-associated,90,
Gymnothorax ocellatus,"EEL,MORAY",Ocellated moray,3758,Muraeninae,reef-associated,90,
Epinephelus inermis,"GROUPER,MARBLED",Marbled grouper,NA,Serranidae,reef-associated,91,
Lachnolaimus maximus,HOGFISH,Hogfish,219,NA,reef-associated,91,
Mugil curema,"MULLET,WHITE",White mullet,3595,NA,reef-associated,91,
Diodon hystrix,PORCUPINEFISH,Spot-fin porcupinefish,822,NA,reef-associated,91,
Chaetodipterus faber,"SPADEFISH,ATLANTIC",Atlantic spadefish,3445,NA,reef-associated,91,
Brotula barbata,"BROTULA,BEARDED",Bearded brotula,2662,Brotulinae,reef-associated,94,
Lutjanus analis,"SNAPPER,MUTTON",Mutton snapper,1202,Lutjaninae,reef-associated,94,
Conger,"EEL,CONGER",NA,NA,Conger,reef-associated,100,1
Conger triporiceps,"EEL,CONGER,MANYTOOTH",Manytooth conger,8995,Congrinae,reef-associated,100,
Enchelycore nigricans,"EEL,MORAY,VIPER",Viper moray,1716,Muraeninae,reef-associated,100,
Mycteroperca venenosa,"GROUPER,YELLOWFIN",Yellowfin grouper,4738,Epinephelinae,reef-associated,100,
Caranx bartholomaei,"JACK,YELLOW",Yellow jack,3864,Caranginae,reef-associated,100,
Elops saurus,LADYFISH,Ladyfish,565,NA,reef-associated,100,
Aulostomus maculatus,TRUMPETFISH,Trumpetfish,4704,NA,reef-associated,100,
Mycteroperca tigris,"GROUPER,TIGER",Tiger grouper,4738,Epinephelinae,reef-associated,101,
Caranx latus,"JACK,HORSE-EYE",Horse-eye jack,3864,Caranginae,reef-associated,101,
Albulidae,BONEFISH,NA,NA,Albulidae,reef-associated,104,1
Albula vulpes,BONEFISH,Bonefish,1008,Albulinae,reef-associated,104,
Scaridae,"PARROTFISHES,UNSPECIFIED",NA,NA,Scaridae,reef-associated,105.67,1
Serranidae,"GROUPER,UNSPECIFIED",NA,NA,Serranidae,reef-associated,108.97,1
Echeneis naucrates,"REMORA,SHARKSUCKER",Live sharksucker,5569,NA,reef-associated,110,
Epinephelus flavolimbatus,"GROUPER,YELLOWEDGE",Yellowedge grouper,NA,Epinephelinae,reef-associated,115,
Scarus coeruleus,"PARROTFISH,BLUE",Blue parrotfish,4784,Scarinae,reef-associated,120,
Scarus guacamaia,"PARROTFISH,RAINBOW",Rainbow parrotfish,4784,Scarinae,reef-associated,120,
Epinephelus striatus,"GROUPER,NASSAU",Nassau grouper,7755,Epinephelinae,reef-associated,122,
Trachinotus falcatus,PERMIT,Permit,2819,Trachinotinae,reef-associated,122,
Caranx hippos,"JACK,CREVALLE",Crevalle jack,3864,Caranginae,reef-associated,124,
Epinephelus morio,"GROUPER,RED",Red grouper,7755,Epinephelinae,reef-associated,125,
Lutjanus jocu,"SNAPPER,DOG",Dog snapper,1202,Lutjaninae,reef-associated,128,
Ablennes hians,"NEEDLEFISH,FLAT",Flat needlefish,4864,NA,reef-associated,140,
Belonidae,"NEEDLEFISH,UNSPECIFIED",NA,NA,Belonidae,reef-associated,140,1
Centropomus undecimalis,"SNOOK,COMMON",Common snook,549,NA,reef-associated,140,
Muraenidae,"EEL,MORAYS,UNSPECIFIED",NA,NA,Muraenidae,reef-associated,146.67,1
Mycteroperca bonaci,"GROUPER,BLACK",Black grouper,4738,Epinephelinae,reef-associated,150,
Tylosurus crocodilus,HOUNDFISH,Hound needlefish,1044,NA,reef-associated,150,
Alectis ciliaris,"POMPANO,AFRICAN",African pompano,2433,Caranginae,reef-associated,150,
Epinephelus mystacinus,"GROUPER,MISTY",Misty grouper,NA,Serranidae,reef-associated,160,
Seriola rivoliana,"JACK,ALMACO",Longfin yellowtail,7464,Naucratinae,reef-associated,160,
Lutjanus cyanopterus,"SNAPPER,CUBERA",Cubera snapper,1202,Lutjaninae,reef-associated,160,
Elagatis bipinnulata,RAINBOW RUNNER,Rainbow runner,1900,Naucratinae,reef-associated,180,
Scomberomorus regalis,"MACKEREL,CERO",Cero,2960,Scombrinae,reef-associated,183,
Seriola dumerili,"AMBERJACK,GREATER",Greater amberjack,7464,Naucratinae,reef-associated,190,
Sphyraenidae,BARRACUDA,NA,NA,Sphyraenidae,reef-associated,200,
Sphyraena barracuda,"BARRACUDA,GREAT",Great barracuda,997,NA,reef-associated,200,
Rachycentron canadum,COBIA,Cobia,3309,NA,reef-associated,200,
Rachycentridae,COBIA,NA,NA,Rachycentridae,reef-associated,200,
Fistulariidae,CORNETFISH,NA,NA,Fistulariidae,reef-associated,200,
Fistularia tabacaria,"CORNETFISH,BLUESPOTTED",Cornetfish,1424,NA,reef-associated,200,
Gymnothorax funebris,"EEL,MORAY,GREEN",Green moray,3758,Muraeninae,reef-associated,250,
Epinephelus itajara,"GROUPER,GOLIATH",Atlantic goliath grouper,7755,Epinephelinae,reef-associated,250,
Megalopidae,TARPON,NA,NA,Megalopidae,reef-associated,250,
Megalops atlanticus,TARPON,Tarpon,5018,NA,reef-associated,250,
Carcharhinus limbatus,"SHARK,BLACKTIP",Blacktip shark,1358,NA,reef-associated,275,
Carcharhinus perezii,"SHARK,REEF",Caribbean reef shark,1358,NA,reef-associated,300,
Carcharhinidae,"SHARKS,REQUIEM,UNSPECIFIED",NA,NA,Carcharhinidae,reef-associated,300,1
Negaprion brevirostris,"SHARK,LEMON",Lemon shark,5927,NA,reef-associated,340,
Carcharhinus obscurus,"SHARK,DUSKY",Dusky shark,1358,NA,reef-associated,420,
Ginglymostoma cirratum,"SHARK,NURSE",Nurse shark,1797,NA,reef-associated,430,
